object,sector1,sector2,sector3
lambda_D,0.052296,0.531483,1.025358
import_centrality,0.300968,0.475398,0.185921
dhat,0.890218,0.124631,0.031079
w_dc,0.000181,0.104548,0.895271
