object,sector1,sector2,sector3
lambda_D,0.026500,0.229400,0.744100
import_centrality,0.076700,0.194500,0.070400
dhat,0.890218,0.124631,0.031079
w_dc,0.000132,0.064937,0.934932
