object,sector1,sector2,sector3
lambda_D,0.071729,0.381981,1.108407
import_centrality,0.154701,0.284656,0.118840
dhat,0.693016,0.335548,0.079048
w_dc,0.002319,0.055205,0.942476
