regime,piDC,PIC,y_gap,y_gap1,y_gap2,y_gap3,PI1,PI2,PI3,I,BSTAR
float,6.327236566e-05,7.697589489e-05,9.811800216e-05,1.021606195e-06,2.864665036e-05,5.846103108e-05,0.0001379644184,0.0001087509751,6.355053545e-05,0.0001270778624,0.02330825184
peg,4.032440073e-05,4.950525087e-05,0.00342871685,2.987297187e-06,0.0001634406053,0.002055431586,0.0006015699894,0.0001549028453,3.753842192e-05,0.0002345612761,0.02385513248
managed,1.332099824e-05,1.713598263e-05,0.0001163220617,8.786533116e-07,2.919054946e-05,6.237918738e-05,8.125371209e-05,4.619899392e-05,1.397509748e-05,6.30631726e-05,0.02341769855
