object,sector1,sector2,sector3
lambda_D,0.034089,0.650530,1.082447
import_centrality,0.198277,0.410775,0.146168
dhat,0.890218,0.124631,0.031079
w_dc,0.000110,0.119238,0.880653
