object,sector1,sector2,sector3
lambda_D,0.071729,0.381981,1.108407
import_centrality,0.154701,0.284656,0.118840
dhat,0.890218,0.124631,0.031079
w_dc,0.000237,0.072030,0.927733
