object,sector1,sector2,sector3
lambda_D,0.120000,0.350000,0.800000
import_centrality,0.300000,0.160000,0.090000
dhat,0.693016,0.335548,0.079048
w_dc,0.005280,0.068848,0.925871
