phi_s,piDC,PIC,y_gap,PI1,PI2,PI3,I,BSTAR
0.000000,2.271024039e-05,2.382922188e-05,1.245867581e-05,0.0001031986734,5.732095487e-05,2.274712354e-05,3.607783641e-05,0.001592364444
0.100000,8.039075271e-06,8.665916728e-06,1.714255216e-05,8.263462179e-05,4.014631368e-05,8.199470544e-06,1.293865892e-05,0.001592261501
0.200000,6.844821631e-06,7.394846834e-06,2.314689276e-05,7.911771234e-05,3.730000999e-05,7.070149114e-06,9.679689702e-06,0.001592006147
0.300000,6.692537136e-06,7.274622575e-06,2.854370719e-05,7.80071094e-05,3.63615994e-05,6.938943322e-06,8.132338563e-06,0.001591708809
0.500000,6.984889343e-06,7.747812773e-06,3.807164692e-05,7.836293129e-05,3.626289894e-05,7.222554579e-06,6.384958845e-06,0.001591154539
0.750000,7.508714633e-06,8.560080289e-06,4.819681428e-05,8.058928681e-05,3.718512345e-05,7.704106438e-06,5.091566089e-06,0.001590588621
1.000000,7.983900779e-06,9.323805502e-06,5.677607563e-05,8.338630662e-05,3.837526868e-05,8.130115217e-06,4.227765645e-06,0.001590140834
1.500000,8.727927039e-06,1.057909111e-05,7.048490756e-05,8.898523206e-05,4.068334062e-05,8.782668348e-06,3.130022651e-06,0.00158948374
2.000000,9.26586695e-06,1.153286217e-05,8.091735676e-05,9.390140106e-05,4.262832086e-05,9.245380623e-06,2.469457117e-06,0.001589025602
