regime,old_total,new_total
float,25.47350595574341,25.151862391972106
peg,102.04576797614415,90.44535179185505
managed,10.170713410167846,10.958365728008463
