regime,piDC,PIC,y_gap,y_gap1,y_gap2,y_gap3,PI1,PI2,PI3,I,BSTAR
float,2.892434161e-05,4.766345702e-05,4.412696065e-05,8.234054349e-07,7.639636897e-06,3.669329613e-05,0.0001562920187,7.188423901e-05,2.85722058e-05,7.804633739e-05,0.02165943261
peg,6.103241079e-05,7.688603372e-05,0.001252744155,1.09947428e-05,0.0001413537835,0.0004452238407,0.0009242060116,0.0003749289548,4.957175771e-05,0.0002366507155,0.02188035651
managed,8.982804602e-06,1.193446451e-05,4.224825267e-05,1.173480161e-06,7.755807445e-06,3.093563294e-05,7.911031264e-05,4.243706402e-05,9.063157931e-06,5.165987014e-05,0.02170189161
